{"polyfill":["/polyfill-de382ff040ab7e9f5cfb.js"],"app":["/app-b66cc81eb1f52c209467.js"],"component---src-pages-404-js":["/component---src-pages-404-js-f6f7b9fffaefea700f0b.js"],"component---src-pages-about-js":["/component---src-pages-about-js-53b7750e9fdc05bd1884.js"],"component---src-pages-contact-js":["/component---src-pages-contact-js-3e04c77f814922edf453.js"],"component---src-pages-gallery-js":["/component---src-pages-gallery-js-75f41b04a14ec9c146b1.js"],"component---src-pages-index-js":["/component---src-pages-index-js-a4adae6f5fbb5d1b45b5.js"],"component---src-pages-menu-js":["/component---src-pages-menu-js-a2e4742fdc3b5325e9f1.js"]}