{"namedChunkGroups":{"polyfill":{"name":"polyfill","assets":[{"name":"webpack-runtime-113395484e1c1e9e8d8e.js","size":5485},{"name":"commons-bea00d6e759145d9c0a8.js","size":9679},{"name":"polyfill-de382ff040ab7e9f5cfb.js","size":83926}],"filteredAssets":0,"assetsSize":99090,"filteredAuxiliaryAssets":3,"auxiliaryAssetsSize":273844},"app":{"name":"app","assets":[{"name":"webpack-runtime-113395484e1c1e9e8d8e.js","size":5485},{"name":"styles.be25eb6f8037007c3b05.css","size":148556},{"name":"framework-3ecf492023e41a737af3.js","size":129913},{"name":"app-b66cc81eb1f52c209467.js","size":71796}],"filteredAssets":0,"assetsSize":355750,"filteredAuxiliaryAssets":3,"auxiliaryAssetsSize":664701},"component---src-pages-404-js":{"name":"component---src-pages-404-js","assets":[{"name":"component---src-pages-404-js-f6f7b9fffaefea700f0b.js","size":800}],"filteredAssets":0,"assetsSize":800,"filteredAuxiliaryAssets":1,"auxiliaryAssetsSize":1879},"component---src-pages-about-js":{"name":"component---src-pages-about-js","assets":[{"name":"styles.be25eb6f8037007c3b05.css","size":148556},{"name":"c943faba-dc1948debe03d1ab05ea.js","size":1821},{"name":"af13d906-6a71697178bc0849f9ab.js","size":1096},{"name":"958b4c57-6310fb8604a0df2ebc3e.js","size":3647},{"name":"cb1608f2-1a578ca275f052a76702.js","size":622},{"name":"a9a7754c-d928eff983bdc987e921.js","size":1299},{"name":"dbf3ce33-2616b617b4d5ffcc2fff.js","size":301798},{"name":"commons-bea00d6e759145d9c0a8.js","size":9679},{"name":"21261a052b8db0c820e9509e2a1c47803bda8c3c-77a3b158563066ebb0c0.js","size":118015},{"name":"component---src-pages-about-js-53b7750e9fdc05bd1884.js","size":15534}],"filteredAssets":0,"assetsSize":602067,"filteredAuxiliaryAssets":10,"auxiliaryAssetsSize":7495014},"component---src-pages-contact-js":{"name":"component---src-pages-contact-js","assets":[{"name":"styles.be25eb6f8037007c3b05.css","size":148556},{"name":"c943faba-dc1948debe03d1ab05ea.js","size":1821},{"name":"af13d906-6a71697178bc0849f9ab.js","size":1096},{"name":"958b4c57-6310fb8604a0df2ebc3e.js","size":3647},{"name":"cb1608f2-1a578ca275f052a76702.js","size":622},{"name":"a9a7754c-d928eff983bdc987e921.js","size":1299},{"name":"dbf3ce33-2616b617b4d5ffcc2fff.js","size":301798},{"name":"commons-bea00d6e759145d9c0a8.js","size":9679},{"name":"21261a052b8db0c820e9509e2a1c47803bda8c3c-77a3b158563066ebb0c0.js","size":118015},{"name":"component---src-pages-contact-js-3e04c77f814922edf453.js","size":7738}],"filteredAssets":0,"assetsSize":594271,"filteredAuxiliaryAssets":9,"auxiliaryAssetsSize":7427881},"component---src-pages-gallery-js":{"name":"component---src-pages-gallery-js","assets":[{"name":"styles.be25eb6f8037007c3b05.css","size":148556},{"name":"c943faba-dc1948debe03d1ab05ea.js","size":1821},{"name":"af13d906-6a71697178bc0849f9ab.js","size":1096},{"name":"958b4c57-6310fb8604a0df2ebc3e.js","size":3647},{"name":"cb1608f2-1a578ca275f052a76702.js","size":622},{"name":"a9a7754c-d928eff983bdc987e921.js","size":1299},{"name":"dbf3ce33-2616b617b4d5ffcc2fff.js","size":301798},{"name":"commons-bea00d6e759145d9c0a8.js","size":9679},{"name":"21261a052b8db0c820e9509e2a1c47803bda8c3c-77a3b158563066ebb0c0.js","size":118015},{"name":"component---src-pages-gallery-js-75f41b04a14ec9c146b1.js","size":2262}],"filteredAssets":0,"assetsSize":588795,"filteredAuxiliaryAssets":9,"auxiliaryAssetsSize":7414249},"component---src-pages-index-js":{"name":"component---src-pages-index-js","assets":[{"name":"styles.be25eb6f8037007c3b05.css","size":148556},{"name":"c943faba-dc1948debe03d1ab05ea.js","size":1821},{"name":"af13d906-6a71697178bc0849f9ab.js","size":1096},{"name":"958b4c57-6310fb8604a0df2ebc3e.js","size":3647},{"name":"cb1608f2-1a578ca275f052a76702.js","size":622},{"name":"a9a7754c-d928eff983bdc987e921.js","size":1299},{"name":"dbf3ce33-2616b617b4d5ffcc2fff.js","size":301798},{"name":"commons-bea00d6e759145d9c0a8.js","size":9679},{"name":"21261a052b8db0c820e9509e2a1c47803bda8c3c-77a3b158563066ebb0c0.js","size":118015},{"name":"component---src-pages-index-js-a4adae6f5fbb5d1b45b5.js","size":50061}],"filteredAssets":0,"assetsSize":636594,"filteredAuxiliaryAssets":9,"auxiliaryAssetsSize":7562066},"component---src-pages-menu-js":{"name":"component---src-pages-menu-js","assets":[{"name":"styles.be25eb6f8037007c3b05.css","size":148556},{"name":"c943faba-dc1948debe03d1ab05ea.js","size":1821},{"name":"af13d906-6a71697178bc0849f9ab.js","size":1096},{"name":"958b4c57-6310fb8604a0df2ebc3e.js","size":3647},{"name":"cb1608f2-1a578ca275f052a76702.js","size":622},{"name":"a9a7754c-d928eff983bdc987e921.js","size":1299},{"name":"dbf3ce33-2616b617b4d5ffcc2fff.js","size":301798},{"name":"commons-bea00d6e759145d9c0a8.js","size":9679},{"name":"21261a052b8db0c820e9509e2a1c47803bda8c3c-77a3b158563066ebb0c0.js","size":118015},{"name":"component---src-pages-menu-js-a2e4742fdc3b5325e9f1.js","size":6399}],"filteredAssets":0,"assetsSize":592932,"filteredAuxiliaryAssets":9,"auxiliaryAssetsSize":7424419}},"assetsByChunkName":{"polyfill":["webpack-runtime-113395484e1c1e9e8d8e.js","commons-bea00d6e759145d9c0a8.js","polyfill-de382ff040ab7e9f5cfb.js"],"app":["webpack-runtime-113395484e1c1e9e8d8e.js","styles.be25eb6f8037007c3b05.css","framework-3ecf492023e41a737af3.js","app-b66cc81eb1f52c209467.js"],"component---src-pages-404-js":["component---src-pages-404-js-f6f7b9fffaefea700f0b.js"],"component---src-pages-about-js":["styles.be25eb6f8037007c3b05.css","c943faba-dc1948debe03d1ab05ea.js","af13d906-6a71697178bc0849f9ab.js","958b4c57-6310fb8604a0df2ebc3e.js","cb1608f2-1a578ca275f052a76702.js","a9a7754c-d928eff983bdc987e921.js","dbf3ce33-2616b617b4d5ffcc2fff.js","commons-bea00d6e759145d9c0a8.js","21261a052b8db0c820e9509e2a1c47803bda8c3c-77a3b158563066ebb0c0.js","component---src-pages-about-js-53b7750e9fdc05bd1884.js"],"component---src-pages-contact-js":["styles.be25eb6f8037007c3b05.css","c943faba-dc1948debe03d1ab05ea.js","af13d906-6a71697178bc0849f9ab.js","958b4c57-6310fb8604a0df2ebc3e.js","cb1608f2-1a578ca275f052a76702.js","a9a7754c-d928eff983bdc987e921.js","dbf3ce33-2616b617b4d5ffcc2fff.js","commons-bea00d6e759145d9c0a8.js","21261a052b8db0c820e9509e2a1c47803bda8c3c-77a3b158563066ebb0c0.js","component---src-pages-contact-js-3e04c77f814922edf453.js"],"component---src-pages-gallery-js":["styles.be25eb6f8037007c3b05.css","c943faba-dc1948debe03d1ab05ea.js","af13d906-6a71697178bc0849f9ab.js","958b4c57-6310fb8604a0df2ebc3e.js","cb1608f2-1a578ca275f052a76702.js","a9a7754c-d928eff983bdc987e921.js","dbf3ce33-2616b617b4d5ffcc2fff.js","commons-bea00d6e759145d9c0a8.js","21261a052b8db0c820e9509e2a1c47803bda8c3c-77a3b158563066ebb0c0.js","component---src-pages-gallery-js-75f41b04a14ec9c146b1.js"],"component---src-pages-index-js":["styles.be25eb6f8037007c3b05.css","c943faba-dc1948debe03d1ab05ea.js","af13d906-6a71697178bc0849f9ab.js","958b4c57-6310fb8604a0df2ebc3e.js","cb1608f2-1a578ca275f052a76702.js","a9a7754c-d928eff983bdc987e921.js","dbf3ce33-2616b617b4d5ffcc2fff.js","commons-bea00d6e759145d9c0a8.js","21261a052b8db0c820e9509e2a1c47803bda8c3c-77a3b158563066ebb0c0.js","component---src-pages-index-js-a4adae6f5fbb5d1b45b5.js"],"component---src-pages-menu-js":["styles.be25eb6f8037007c3b05.css","c943faba-dc1948debe03d1ab05ea.js","af13d906-6a71697178bc0849f9ab.js","958b4c57-6310fb8604a0df2ebc3e.js","cb1608f2-1a578ca275f052a76702.js","a9a7754c-d928eff983bdc987e921.js","dbf3ce33-2616b617b4d5ffcc2fff.js","commons-bea00d6e759145d9c0a8.js","21261a052b8db0c820e9509e2a1c47803bda8c3c-77a3b158563066ebb0c0.js","component---src-pages-menu-js-a2e4742fdc3b5325e9f1.js"]},"childAssetsByChunkName":{}}