{"data":{"allWpInformation":{"edges":[{"node":{"informationACF":{"logo":{"localFile":{"id":"0f3b8efb-ce8e-53a4-bb61-f24f2defd40b","childImageSharp":{"id":"e02df414-c4b0-59b2-8e9d-30eb6fe0cf08","gatsbyImageData":{"layout":"constrained","backgroundColor":"#f8f8f8","images":{"fallback":{"src":"/russell/static/9bae818a2f03426faf4281d52b81bbdd/c0310/Greens-Indian-Thai.png","srcSet":"/russell/static/9bae818a2f03426faf4281d52b81bbdd/8f7c2/Greens-Indian-Thai.png 204w,\n/russell/static/9bae818a2f03426faf4281d52b81bbdd/910e4/Greens-Indian-Thai.png 407w,\n/russell/static/9bae818a2f03426faf4281d52b81bbdd/c0310/Greens-Indian-Thai.png 814w","sizes":"(min-width: 814px) 814px, 100vw"},"sources":[{"srcSet":"/russell/static/9bae818a2f03426faf4281d52b81bbdd/f2413/Greens-Indian-Thai.webp 204w,\n/russell/static/9bae818a2f03426faf4281d52b81bbdd/b5e01/Greens-Indian-Thai.webp 407w,\n/russell/static/9bae818a2f03426faf4281d52b81bbdd/b8b02/Greens-Indian-Thai.webp 814w","type":"image/webp","sizes":"(min-width: 814px) 814px, 100vw"}]},"width":814,"height":243}}}}}}}]}}}